1,"Gerlach, Paucek and Denesik",08:00-20:00
2,Runolfsdottir and Sons,09:00-21:00
3,Windler-Kuhn,08:00-20:00
4,Howell Inc,09:00-21:00
5,Jacobson-Emmerich,07:30-20:30
6,"O'Reilly, Jacobs and Turner",08:00-20:00
7,Murphy-Tremblay,08:00-20:00
8,"Schroeder, Prosacco and Dooley",07:30-20:30
9,Renner Group,07:30-20:30
10,Jenkins LLC,07:30-20:30
11,"Bailey, Toy and Konopelski",07:30-20:30
12,Yundt-Cummerata,08:00-20:00
13,Purdy Inc,07:30-20:30
14,"Corkery, White and Walker",09:00-21:00
15,Glover and Sons,09:00-21:00
16,"Hackett, Willms and Cruickshank",09:00-21:00
17,Steuber and Sons,08:00-20:00
18,"King, Kuvalis and Zboncak",07:30-20:30
19,Ward-Heller,09:00-21:00
20,"Kohler, Berge and Bergnaum",09:00-21:00
21,Kuphal-Mohr,09:00-21:00
22,Medhurst and Sons,09:00-21:00
23,Marquardt LLC,07:30-20:30
24,"Thompson, Wehner and Bogisich",08:00-20:00
25,Treutel-Buckridge,08:00-20:00
26,Kling-Klein,08:00-20:00
27,"Lebsack, Mills and Mohr",07:30-20:30
28,Connelly Group,08:00-20:00
29,"Hintz, Thompson and Crooks",08:00-20:00
30,Block-Trantow,09:00-21:00
31,Bogisich-Reinger,09:00-21:00
32,"Sawayn, Smitham and Bergstrom",07:30-20:30
33,"Bednar, Considine and Kris",08:00-20:00
34,Aufderhar LLC,08:00-20:00
35,Douglas Inc,07:30-20:30
36,Kuphal-Kemmer,08:00-20:00
37,Gutmann-Buckridge,09:00-21:00
38,"McCullough, Shanahan and Renner",09:00-21:00
39,"Mitchell, Purdy and Moore",09:00-21:00
40,Hills Group,08:00-20:00
41,"White, Renner and Wisoky",08:00-20:00
42,Green-Bruen,09:00-21:00
43,"Wilkinson, Mills and Shields",08:00-20:00
44,"Hane, Rogahn and Konopelski",09:00-21:00
45,"Bartell, Metz and Hoppe",08:00-20:00
46,Ruecker-Ratke,08:00-20:00
47,Stiedemann Group,07:30-20:30
48,Bernier Inc,09:00-21:00
49,Windler-Ankunding,08:00-20:00
50,"Barrows, Bradtke and Prosacco",09:00-21:00
51,Carter-Schuster,07:30-20:30
52,Hegmann Group,09:00-21:00
53,Trantow Group,09:00-21:00
54,Doyle-Schowalter,08:00-20:00
55,"Lehner, Tillman and Shanahan",08:00-20:00
56,"Rodriguez, Jaskolski and Batz",08:00-20:00
57,Wintheiser-Beier,08:00-20:00
58,Rohan-King,09:00-21:00
59,Simonis-Prohaska,08:00-20:00
60,"Bogan, Pacocha and Ernser",08:00-20:00
61,Hartmann LLC,07:30-20:30
62,Fay LLC,07:30-20:30
63,"Kuhn, Oberbrunner and Welch",08:00-20:00
64,"Gleason, Rath and Hansen",09:00-21:00
65,Volkman-Leannon,09:00-21:00
66,"McDermott, Crist and Feil",09:00-21:00
67,Monahan Group,08:00-20:00
68,Crona-Rolfson,07:30-20:30
69,"Mertz, DuBuque and Abernathy",09:00-21:00
70,"Rodriguez, Langworth and Yundt",07:30-20:30
71,Mertz-Hermiston,08:00-20:00
72,Hills-Ledner,07:30-20:30
73,Murazik-McDermott,08:00-20:00
74,"Ullrich, Sawayn and Feil",08:00-20:00
75,Fritsch Group,07:30-20:30
76,Jacobson Group,08:00-20:00
77,Balistreri LLC,08:00-20:00
78,"Rolfson, Sporer and Cole",08:00-20:00
79,"Morar, Brekke and Ward",08:00-20:00
80,Friesen-Kassulke,07:30-20:30
81,O'Connell-Daugherty,09:00-21:00
82,"Hoppe, Robel and Crona",08:00-20:00
83,"Osinski, Bergstrom and Blick",07:30-20:30
84,Klocko-Hills,09:00-21:00
85,"Leffler, Satterfield and Goldner",08:00-20:00
86,Corwin-Reinger,09:00-21:00
87,"Barton, Bednar and Ziemann",08:00-20:00
88,"Tremblay, Mertz and Pagac",08:00-20:00
89,"Kessler, Schmitt and Swift",09:00-21:00
90,Nikolaus and Sons,08:00-20:00
91,"D'Amore, Rau and Schinner",08:00-20:00
92,Veum and Sons,07:30-20:30
93,"Mohr, Heaney and Lesch",09:00-21:00
94,Grant and Sons,07:30-20:30
95,"Quitzon, Weimann and Lubowitz",07:30-20:30
96,MacGyver and Sons,08:00-20:00
97,"Gleichner, Feeney and Reichert",09:00-21:00
98,"Brown, Halvorson and Swaniawski",07:30-20:30
99,"Pfannerstill, Feest and Gutkowski",07:30-20:30
100,"Tremblay, Lockman and Crist",08:00-20:00
