1,Katherine,Dibb
2,Edythe,Fantini
3,Phaedra,Oliffe
4,Conan,Andrusyak
5,Benton,Hucquart
6,Edithe,Pietersen
7,Bianka,Hayler
8,Lynette,Spofforth
9,Bobbie,Corneille
10,Denna,Hambrick
11,Tim,Happel
12,Hardy,Fieller
13,Adda,Virr
14,Nathalie,Parradye
15,Jacquie,Golton
16,Aryn,Potbury
17,Zorina,Crowley
18,Keane,Reiling
19,Lanie,Mirfield
20,Alva,Lodemann
21,Brigit,Routledge
22,Janel,Hain
23,Frans,Bedward
24,Sorcha,Mc Dermid
25,Pablo,Dunbavin
26,Samantha,Yousef
27,Mendie,Kingsnod
28,Patricio,Lush
29,Tymothy,Lacase
30,Jamie,Scrymgeour
31,Maridel,Tie
32,Avictor,MacConnechie
33,Cherey,Plaschke
34,Hannie,Amberger
35,Ddene,Diment
36,Anitra,Caley
37,Genia,Polini
38,Cobb,Tschirasche
39,Chrystel,Bridle
40,Harlin,McSkin
41,Vidovic,Eaglestone
42,Malina,Gearing
43,Ezekiel,Gashion
44,Josephine,Minger
45,Johnathon,Crinson
46,Erminie,Upstone
47,Pacorro,Turfrey
48,Matelda,Dedden
49,Gail,Rosellini
50,Ollie,Perigoe
51,Zondra,Folke
52,Ossie,Amori
53,Shandie,Abrey
54,Tiffi,Dupree
55,Marcelia,Mattack
56,Francesco,Nunson
57,Cherie,Joesbury
58,Richmound,Lobell
59,Inger,Foyster
60,Kirby,Fanthom
61,Franzen,Chastan
62,Ellerey,Wincer
63,Tabby,Byres
64,Ellswerth,Jubert
65,Willdon,Roches
66,Sharity,Penson
67,Justino,Goldine
68,Gannie,Ohlsen
69,Kleon,Trenholme
70,Conn,Colbrun
71,Engracia,Dunsford
72,Cornelius,Harrop
73,Guntar,Nutter
74,Alie,Chevis
75,Tatiana,Sivil
76,Gunter,Wardale
77,Traci,Hanbidge
78,Heloise,Hanington
79,Kerby,Wagner
80,Teressa,MacTerrelly
81,Britteny,Kearford
82,Dominica,Revington
83,Tannie,Siaspinski
84,Regan,Bucklee
85,Elke,Philipeaux
86,Coleen,Lunnon
87,Damiano,Bortoli
88,Germana,MacInnes
89,Teddie,Cowdray
90,Jade,McOnie
91,Tansy,Jonk
92,Warren,Odell
93,Melisa,Crippill
94,Flossy,Storch
95,Carolyn,Viggers
96,Emmy,Lack
97,Alverta,Esherwood
98,Patty,Sutherley
99,Cristine,Rogliero
100,Frank,Jaslem
101,Terrijo,Handasyde
102,Marius,Tunnoch
103,Jerry,Bradbeer
104,Freddie,Breedy
105,Lira,Curcher
106,Hinda,Bangiard
107,Gaspard,Isson
108,Wald,Ealles
109,Kermie,Roubottom
110,Dimitri,McCroary
111,Nil,Osbourne
112,Teresina,MacNeilly
113,Farlie,Copcott
114,Starla,Holcroft
115,Modesty,Davson
116,Marley,Purcell
117,Erminie,Shipp
118,Durante,Stert
119,Violante,Gooble
120,Latashia,Simanenko
121,Joeann,Brazelton
122,Julienne,Fiddeman
123,Cam,Chattock
124,Danica,Mateja
125,Rhody,Caddick
126,Byran,Janca
127,Eddie,Espin
128,Christalle,Doggart
129,Ephraim,Rootham
130,Gib,Roseby
131,Marianna,O'Hengerty
132,Zorina,Nurcombe
133,Alessandro,Kilvington
134,Kellie,Baniard
135,Rora,Dorbon
136,Magdalene,Simeonov
137,Bradly,Meach
138,Arri,Filler
139,Roselin,Daley
140,Garrett,Raeburn
141,Osgood,Hartless
142,Maddi,Clausewitz
143,Rod,Speirs
144,Gwenni,Samber
145,Lynnea,Shewan
146,Dorisa,Gudde
147,Shanan,Lambirth
148,Patric,Itzcovich
149,Ophelia,Bufton
150,Ranique,Greatrex
151,Mercedes,Cathcart
152,Christine,Jakubski
153,Denise,Janatka
154,Larine,Amsden
155,Carlos,Stollmeier
156,Karlie,Kippie
157,Jessamyn,McConville
158,Reynold,Branford
159,Raynard,Petracco
160,Karly,Lermit
161,Yolane,Beauchamp
162,Ezra,Jelkes
163,Guy,Treasure
164,Vittorio,Stormes
165,Gerardo,Gout
166,Connor,Maccree
167,Marcile,Wileman
168,Veronika,Thatcham
169,Legra,Luxon
170,Rozina,Hayle
171,Maggi,Brennon
172,Rae,Pittford
173,Delmore,Wippermann
174,Audry,Coorington
175,Rickey,Watt
176,Sela,Applin
177,Olenolin,Attride
178,Lacey,Gresley
179,Kathy,Kitley
180,Giustino,Corps
181,Candis,Twyford
182,Brandy,Jagielski
183,Fiorenze,Powland
184,Levi,Winckle
185,Elaina,Jaimez
186,Ansley,Linton
187,Ilario,Sidebotham
188,Anette,Aylward
189,Ignaz,Palomba
190,Vale,Rodway
191,Debbie,McKune
192,Caldwell,Patron
193,Eydie,Shephard
194,Sal,Neilands
195,Orv,Putton
196,Madel,Wyer
197,Tera,Bowland
198,Catina,Hurle
199,Corbett,Struan
200,Jena,Springell
201,Clo,Bindon
202,Averil,Zuan
203,Deane,Thorold
204,Kariotta,Halliberton
205,Laure,De Dantesie
206,Gabrielle,Wasson
207,Christian,Haine
208,Zacharias,Smithe
209,Kiley,Mulholland
210,Mortimer,Carlone
211,Elisabetta,Gillett
212,Jamal,Cambridge
213,Doralia,McMurthy
214,Constantina,Defries
215,Dillon,Silverstone
216,Valenka,Ternault
217,Gwendolen,Du Plantier
218,Fulton,Adlington
219,Adrienne,Freeth
220,Danit,Szymanek
221,Ardenia,Degoe
222,Bernhard,Upton
223,Aviva,McGillicuddy
224,Davina,Seakin
225,Diane-marie,Aleksidze
226,Wolf,Rein
227,Bethena,Gunda
228,Silvana,Bate
229,Raffarty,Saller
230,Shannan,Ick
231,Linus,Thirkettle
232,Glori,Vauter
233,Shandra,Ricardet
234,Fawn,Mersh
235,Aeriela,Haughey
236,Olva,Thurbon
237,Merrili,Brumen
238,Bryon,Ucceli
239,Verine,Trood
240,Nicko,Handman
241,Ardelle,Winman
242,Jacquette,Peers
243,Darbie,Alleburton
244,Ardys,Jewett
245,Dody,Collcutt
246,Cointon,Vedeshkin
247,Pansy,Pursey
248,Glynn,Zupo
249,Lynea,Thrift
250,Renato,Clemendet
251,Elwyn,Lincke
252,Gavan,Divers
253,Amie,Brissenden
254,Charmain,Lenney
255,Rustie,Libbe
256,Mose,Boylin
257,Bran,Poone
258,Josee,Turfitt
259,Abelard,Norrey
260,Bebe,Caron
261,Floris,Grzeskowski
262,Allis,Augar
263,Randie,Mongan
264,Adelle,Tolland
265,Aubrette,Roseveare
266,Denys,Rouch
267,Keir,Pattinson
268,Amble,Francesconi
269,Dulcia,Videneev
270,Caryl,Sherme
271,Winifield,Wiskar
272,Gus,Pechold
273,Ellette,Williamson
274,Magdalene,Ogbourne
275,Bondon,Edwardes
276,Krista,Trevain
277,Godfry,Patterfield
278,Shellysheldon,MacCurlye
279,Silvana,Goozee
280,Caryl,Pes
281,Rickey,Berkery
282,Leann,Tolerton
283,Georgi,Thowless
284,Lurlene,De Minico
285,Markos,Peniello
286,Gerri,Davitt
287,Ritchie,Yanez
288,Weylin,Saggers
289,Christoffer,Lehrmann
290,Cecily,Jerratsch
291,Gail,Seale
292,Karisa,Coomer
293,Valdemar,Normanvill
294,Tiertza,Domnick
295,Eugen,Bettaney
296,Clementia,Raper
297,Grover,Fayre
298,Drew,Morad
299,Ephraim,Cuddehy
300,Guglielmo,De Avenell
301,Clark,Norker
302,Quincy,Cutford
303,Rosalia,Garden
304,Josias,Maccrea
305,Andre,Mangion
306,Web,Brann
307,Sammy,Ferres
308,Colleen,Cordel
309,Britta,Parman
310,Katey,Trunkfield
311,Filberte,Aguilar
312,Abagail,Meuse
313,Latrina,Veljes
314,Claribel,Coda
315,Felicle,Badger
316,Harli,Beddin
317,Hiram,Brazer
318,Ruddy,Chaddock
319,Niall,Knights
320,Steffen,Fehner
321,Montgomery,Groneway
322,Clive,Allkins
323,Wynn,Ecles
324,Ronalda,Merrikin
325,Babara,Wheeldon
326,Vinni,McHenry
327,Lina,Mc Harg
328,Ambrosius,Blackford
329,Aubrey,Cowie
330,Maribeth,Pavie
331,Galina,Lukas
332,Nonah,Saw
333,Melitta,Chidler
334,Ward,Boatswain
335,Kirsteni,Hawksby
336,Bidget,Marvel
337,Joellyn,Kellough
338,Madeleine,Wace
339,Cheri,Conville
340,Giraldo,Walby
341,Zolly,Evett
342,Patrizio,Treacher
343,Douglas,Worden
344,Karalee,Morrilly
345,Marjy,Christophers
346,Mollie,Huddlestone
347,Kelcy,Garrit
348,Joli,Vlasenkov
349,Jojo,Timlett
350,Sylas,Kale
351,Helena,Darree
352,Lucien,Lugton
353,Mendel,Logesdale
354,Nollie,Bille
355,Jacklin,Poetz
356,Devina,Keener
357,Bone,Edrich
358,Thurstan,Curtiss
359,Carlota,Ferreli
360,Jemie,Geertsen
361,Eadie,O' Cuolahan
362,Kerrie,Pappin
363,Fabe,Barkley
364,Anthe,Jurisch
365,Margit,Stoter
366,Hunfredo,Slate
367,Uriel,Tilt
368,Cosette,Checcuzzi
369,Dorris,Clamp
370,Tessa,Scammell
371,Harrie,Grabban
372,Blithe,Gilbert
373,Angelo,Bulleyn
374,Frederick,Bickmore
375,Hanson,Jarad
376,Berenice,Sambrook
377,Brook,McKew
378,Auguste,Rosendahl
379,Antonius,McIleen
380,Prent,Lorraway
381,Lorilee,Giannassi
382,Curt,Walisiak
383,Millisent,Stronge
384,Jaimie,Roseaman
385,Minta,Varlow
386,Matteo,Feldklein
387,Gayla,Connochie
388,Ardyth,Dmiterko
389,Berkie,Borrott
390,Guinna,Curner
391,Alfy,Dinis
392,Shelley,Fraschetti
393,Catherin,Morit
394,Andra,Lackemann
395,Gabbie,Choules
396,Roderick,Abotson
397,Myrta,Blackaller
398,Viola,Croall
399,Papageno,Boynes
400,Malvin,Lahive
401,Whit,Riveles
402,Cori,Darley
403,Rog,Bakeup
404,Kaitlyn,Iacobucci
405,Carmelia,Beaston
406,Raquela,Abrahamsson
407,Paloma,O'Hartnett
408,Samson,Shimmans
409,Philipa,Stebbin
410,Ileana,Cadwell
411,Alessandra,Truitt
412,Lambert,Deery
413,Karole,Pickthorne
414,Gerty,Parlatt
415,Virgilio,Liddell
416,Curt,Copes
417,Renard,Robertz
418,Lamont,Johananoff
419,Nola,Wardel
420,Peyter,Kindleside
421,Gerhardine,Dineges
422,Trever,Blew
423,Worth,Whitwood
424,Hillie,Hinrichs
425,Gawen,Lartice
426,Burnaby,Sneezum
427,Viv,Grigoroni
428,Vickie,Conway
429,Julissa,Simkins
430,Penrod,Dumke
431,Elise,Turgoose
432,Charmain,Stanistreet
433,Nicoli,Pragnall
434,Sandye,Anthony
435,Willi,Burnsell
436,Sean,Fouracres
437,Sauveur,Rosie
438,Orella,Mixworthy
439,Chris,Lapslie
440,Lorraine,Belfelt
441,Johannes,Sherrin
442,Eileen,Sola
443,Barris,Jarrette
444,Willy,Yearnsley
445,Flory,Isworth
446,Melodie,Harp
447,Palmer,Graith
448,Dahlia,Revening
449,Phaedra,Venney
450,Lee,Tomovic
451,Bennie,Dhennin
452,Dedie,Hinrichs
453,Nonie,Klimushev
454,Quinlan,Thurske
455,Prudy,Vlahos
456,Gris,Ginnaly
457,Abie,Pantlin
458,Ber,Bucknill
459,Fabe,Luetchford
460,Elysee,Bishop
461,Obed,Diess
462,Joshuah,Scrogges
463,Cletus,Chifney
464,Alasdair,Bottrill
465,Frans,Harbron
466,Lana,Pavlasek
467,Nerissa,January 1st
468,Roxi,Stoddard
469,Kristine,Twitty
470,Shelby,De Simoni
471,Oby,Knowling
472,Adriano,Jacobbe
473,Roman,Vegas
474,Meggi,Milkeham
475,Geneva,Badder
476,Cheslie,Bartolijn
477,Rora,Albiston
478,Cornell,Swannick
479,Sukey,Reina
480,Dorice,Devinn
481,Liane,Carter
482,Carmelita,Britcher
483,Dodie,Cranton
484,Claresta,Stachini
485,Cordi,Egdell
486,Frederico,Kelberman
487,Redford,Davenport
488,Meg,Howroyd
489,Erl,Dawbery
490,Wilhelmine,Patesel
491,Gipsy,Olivo
492,Torrey,Gulk
493,Jillane,Blaszczak
494,Henrik,Klesse
495,Tori,felip
496,Cyrus,Rosnau
497,Morgan,Duquesnay
498,Denna,Hardern
499,Kiah,Davidsohn
500,Viviene,D'Alwis
501,Kristoforo,Pulman
502,Caron,Fitzsymonds
503,Adolphe,Grigorio
504,Tricia,Chadwick
505,Analiese,Blamey
506,Buckie,Bartaloni
507,Caye,Ambroisin
508,Bert,Kidgell
509,Thedric,Newick
510,Maxim,Freeland
511,Sol,Brooksbank
512,Galina,Ielden
513,Carolin,Kupec
514,Zaneta,Donnersberg
515,Orson,Densey
516,Marnia,Biaggioli
517,Waldo,McOmish
518,Ellsworth,Creaser
519,Natalya,Held
520,Vicky,Mauro
521,Berri,Doncaster
522,Graig,Phlipon
523,Martelle,Arnoult
524,Felisha,Husbands
525,Wash,Thurborn
526,Kacie,Checcuzzi
527,Claude,Alway
528,Tine,Mannakee
529,Hayes,Feary
530,Bordie,Sinkin
531,Anton,Latchford
532,Veriee,Donohoe
533,Geoffry,Sawfoot
534,Sonnie,Banthorpe
535,Inga,Ollcott
536,Keenan,Greeding
537,Rex,Kemball
538,Tristan,Ewles
539,Isidora,Bakesef
540,Jana,Cleobury
541,Judi,Shackleford
542,Lyda,Reavell
543,Moria,Gaiter
544,Maddie,Arndtsen
545,Tawsha,McGee
546,Milo,Sibbering
547,Allsun,Pottberry
548,Everett,Shuard
549,Teodor,Kordova
550,Edik,Ringer
551,Hurlee,Cregeen
552,Malchy,Coppock.
553,Abbey,Ambroz
554,Jard,Drysdall
555,Eustacia,Royse
556,Rubetta,Bridal
557,Jermayne,Olczyk
558,Sam,McCarlich
559,Darlene,Tremellier
560,Hamilton,Glave
561,Koressa,Skerrett
562,Padgett,Ainger
563,Nichole,Luckwell
564,Karissa,Wedlock
565,Bab,Clunie
566,Tad,Kendrick
567,Karine,Woodings
568,Carlota,Lere
569,Renate,Boyles
570,Crissy,O'Crigan
571,Rosalynd,Donn
572,Christoforo,Witton
573,Meaghan,Flecknoe
574,Phaidra,Blachford
575,Georgia,McCallister
576,Lenci,McReidy
577,Merrielle,Bowers
578,Wilma,Bulger
579,Nevil,Patrick
580,Leese,Birtwisle
581,Andrea,Whylie
582,Zeb,Barnet
583,Yasmin,O'Beirne
584,Jessey,Boler
585,Shannon,Dalloway
586,Valery,enzley
587,Haroun,Mallion
588,Essy,Tudhope
589,Lilly,Dallywater
590,Gussi,Monteath
591,Rafe,Agney
592,Christan,Gossan
593,Raoul,Fulkes
594,Rozalie,Garmons
595,Alexandro,Friday
596,Nanine,Hehl
597,Woodman,Woolmer
598,Pattie,Andreix
599,Charlot,Haggis
600,Elfreda,Skippings
601,Tine,Briton
602,Karoline,Challender
603,Garald,Hearn
604,Dewitt,January
605,Minni,Caldayrou
606,Rosa,McGrath
607,Fanchette,Spadaro
608,Lock,Rambaut
609,Xavier,Brimblecombe
610,Sawyere,Delves
611,Elonore,Justham
612,Camella,Zorzutti
613,Carissa,O'Lenane
614,Franny,Batisse
615,Ferris,Roll
616,Adelind,Fairclough
617,Ethelin,Minchenton
618,Robbie,Scarrisbrick
619,Roger,Boorn
620,Granville,Norgate
621,Rodney,Boggs
622,Rowe,Bert
623,Suzanna,Aberdein
624,Diane,Labarre
625,Udell,Jerger
626,Caressa,Enrich
627,Saunders,Croston
628,Carolynn,Canfer
629,Nadine,Burchnall
630,Tades,Glendinning
631,Ethelyn,Manuello
632,Kaela,Marchent
633,Archer,Minot
634,Sibby,Tarply
635,Coretta,Rubinsohn
636,Padraic,Leveritt
637,Scott,Parfett
638,Miller,Aimer
639,Marybelle,Cordelette
640,Katey,Heijnen
641,Loretta,Laviste
642,Joyce,Gilkison
643,Brigid,Jarrett
644,Halie,Gainsbury
645,Atlante,Croxon
646,Rustin,Kidde
647,Elene,Ragate
648,Wittie,Moodey
649,Bliss,Rame
650,Marten,Dockrey
651,Adele,Keyden
652,Robina,Ashburner
653,Sib,Witherington
654,Nana,Lieb
655,Dianne,Menere
656,Glory,Wallwood
657,Raleigh,Scarratt
658,Nettie,MacNess
659,Mauricio,O'Hagerty
660,Dallas,Mattusevich
661,Denney,Berkeley
662,Aarika,Chippendale
663,Babita,Georges
664,Anet,Minto
665,Gloria,Pellingar
666,Reggi,Curness
667,Wells,Howselee
668,Leelah,Vanyakin
669,Siusan,Pittaway
670,Cosmo,Ielden
671,Eugen,Gillon
672,Mureil,Forestel
673,Mabel,de Guerre
674,Clareta,Tarbett
675,Englebert,Cowdroy
676,Zora,Sime
677,Isidora,Troughton
678,Fiona,Domingues
679,Kelcie,Spellworth
680,Trina,Candlish
681,Dagny,Lant
682,Bone,Satford
683,Cole,McGarrity
684,Cassie,Chettle
685,Giuseppe,Corneck
686,Yul,Jinkinson
687,Raymond,Dows
688,Benjamen,Ditchett
689,Brien,Le feaver
690,Derick,Douglas
691,Margaretta,Whittington
692,Feliza,Dorcey
693,Tessy,Turmel
694,Waldemar,Trunchion
695,Lincoln,Baudou
696,Rosabella,Turner
697,Aurie,McKellar
698,Sutton,Garfit
699,Ken,Dudderidge
700,Nikki,Raund
701,Giselle,Cromarty
702,Modestia,Yannikov
703,Alvera,Marshall
704,Torie,Piwall
705,Brita,Hagan
706,Tanya,Van Rembrandt
707,Briano,Espina
708,Bank,Butland
709,Lizbeth,Squibe
710,Moyra,Hussell
711,Maggie,Gorner
712,Dene,Balch
713,Jerrilee,Wildt
714,Daryl,Brosi
715,Clerkclaude,Enever
716,Humfrid,Manford
717,Odetta,Fernley
718,Jacinda,Gaskin
719,Christian,Kolinsky
720,Dael,Vanacci
721,Merrel,Eadmead
722,Norbert,Sweetzer
723,Chicky,Peschmann
724,Ilysa,Offill
725,Ferd,Sapsford
726,Roanna,Feore
727,Jacquelynn,O'Loughnan
728,Ardelia,Adolphine
729,Estella,Peaker
730,Nicholle,Cornish
731,Stillman,Scibsey
732,Godiva,Blakeslee
733,Calley,Omar
734,Samuele,Islep
735,Rogers,Chudleigh
736,Gardener,MacCarlich
737,Norah,Ghidoni
738,Kelley,Harsnipe
739,Abrahan,Wilsdon
740,Gabriel,Dewitt
741,Wendi,Dupoy
742,Dian,Barnby
743,Candie,MacAdie
744,Julius,Humphries
745,Catriona,Eyer
746,Hedda,McKeighen
747,Wendye,Whimp
748,Agnella,Arckoll
749,Gerik,Paradyce
750,Kristal,Sisson
751,Ferdinand,Filson
752,Gwenny,Vannozzii
753,Noland,Rigbye
754,Bernelle,O'Cannovane
755,Konstantin,Gaymer
756,Kriste,Cheston
757,Randie,Colebeck
758,Ediva,Halversen
759,Kendrick,Fitzpatrick
760,Bernarr,Ragbourne
761,Gibby,Cuchey
762,Eve,Cisco
763,Ebenezer,Netting
764,Iggy,Girardini
765,Dirk,Mogey
766,Ashien,McCole
767,Pam,Swindon
768,Link,Sponder
769,Jacklyn,McGourty
770,Garrard,Revett
771,Ernestus,Heister
772,Buiron,Gonnet
773,Nils,Daunay
774,Gay,Durno
775,Stoddard,Mundow
776,Annadiane,Kohring
777,Augustin,Raigatt
778,Griffin,Cheetham
779,Constantino,Ratray
780,Curt,Bessent
781,Elsi,Coram
782,Peirce,Heers
783,Bern,Etienne
784,Gerome,Coryndon
785,Bernice,Fearey
786,Lukas,Vannah
787,Ned,Kerman
788,Rhonda,Whelan
789,Mortimer,Minty
790,Maud,Rove
791,William,D'Onise
792,Jule,Swarbrigg
793,Lindy,Fitzhenry
794,Adele,Oleksiak
795,Mozes,Corpes
796,Glad,Besantie
797,Roi,Ord
798,Tim,Loughead
799,Leia,Bulfoot
800,Deane,Croshaw
801,Selia,Bigley
802,Gun,Lemmens
803,Lorilee,Howselee
804,Neddy,Sudworth
805,Westley,Onion
806,Clarey,Ricket
807,Jon,Wride
808,Shelby,Vertey
809,Gayle,Lovell
810,Elwyn,Priestland
811,Adrian,Overel
812,Corly,Joysey
813,Carl,Click
814,Cris,Tomaskunas
815,Omero,Dart
816,Samuel,Collacombe
817,Keeley,Himsworth
818,Farlie,Rainey
819,Viole,Eddison
820,Merwin,Brunesco
821,Kellby,Pembridge
822,Karie,Leven
823,Cassi,Mitchinson
824,Shell,Petchell
825,Noami,Toffler
826,Elissa,Scaplehorn
827,Veda,Pummery
828,Moshe,Bilbie
829,Dael,Tomley
830,Valerye,Andersen
831,Flem,Littlejohn
832,Rafi,Clement
833,Xever,Neathway
834,Steffi,de Werk
835,Alvin,Leel
836,Cordula,Danilin
837,Elia,Philliskirk
838,Rochette,Hestrop
839,Ealasaid,Kirwan
840,Lowrance,Extil
841,Alexi,Carlan
842,Cherie,Jouanot
843,Quinn,Rillatt
844,Brit,McParland
845,Ted,Rolingson
846,Betteann,Shalliker
847,Halie,Embleton
848,Moises,Haryngton
849,Even,Antonikov
850,Valeda,Eschelle
851,Cazzie,Sambles
852,Free,Gorrissen
853,Meredithe,Rickardes
854,Beatrice,Juzek
855,Desi,Bucknell
856,Warde,Fitzroy
857,Clayborn,Aston
858,Lucine,Biskupek
859,Jerrie,Teenan
860,Teodor,Czapla
861,Lanni,Dottridge
862,Farley,Elijahu
863,Druci,Tschursch
864,Ad,Morville
865,Konstance,Vidloc
866,Loren,Rouke
867,Corinne,Baldam
868,Gaspard,de la Valette Parisot
869,Mayor,McDougall
870,Cristin,Windress
871,Brigit,Bonde
872,Adrian,Capps
873,Rosanna,Gaywood
874,Melinda,Florey
875,Isak,MacTerrelly
876,Suzette,Ridolfi
877,Emalee,Blackleech
878,Delbert,Mabbot
879,Jelene,Zelake
880,Crysta,McGlade
881,Lorrie,Upjohn
882,Marv,Cars
883,Arnold,Begin
884,Gill,Trimme
885,Lonnie,Belsher
886,Ignace,Layland
887,Rusty,Monckton
888,Stormie,Cortes
889,Terry,Stopher
890,Margeaux,Fishe
891,Nichole,Lease
892,Mayor,Oleszkiewicz
893,Melisenda,Jelf
894,Mic,Le Clercq
895,Gisella,Lente
896,Antons,Adamsen
897,Devlen,Greathead
898,Dermot,Sauven
899,Myriam,Casson
900,Robinett,Stockill
901,Vevay,Maxweell
902,Brandi,Vice
903,Liliane,Di Carlo
904,Jermaine,Peachey
905,Gardener,Durdan
906,Ursala,Wynter
907,Nikaniki,Durie
908,Kora,Duffit
909,Arlena,Bernhardt
910,Rog,Tharme
911,Lelia,Fidal
912,Karoline,Fearnsides
913,Pepita,Benoist
914,Ethelda,Conman
915,Bobina,Voisey
916,Lanie,Hixson
917,Miner,Albany
918,Oralla,Garrat
919,Dyana,Ludye
920,Yoko,Beadman
921,Thorin,Barchrameev
922,Dennie,McCuaig
923,Tomasina,Cridland
924,Beau,Sumers
925,Maryjane,Larmor
926,Sanson,Bedward
927,Francklin,Akenhead
928,Ransell,Le feaver
929,Edith,Aplin
930,Tomasine,Darnborough
931,Dylan,Patience
932,Bengt,Dallender
933,Boot,Wesley
934,Brita,Spooner
935,Arlyne,Enion
936,Gabriellia,Collicott
937,Conrado,Buckle
938,Salomo,Sackey
939,Brendis,Le Strange
940,Uri,Onn
941,Agnese,Bouttell
942,Rouvin,Antonazzi
943,Umeko,Greenacre
944,Umeko,Faley
945,Patricia,Wevell
946,Arielle,Orange
947,Maurizio,Stillmann
948,Henrie,Airth
949,Ker,Ovell
950,Delcina,Baillie
951,Netti,Desbrow
952,Brittany,Musslewhite
953,Ben,Lapree
954,Didi,Klulicek
955,Helenelizabeth,Batting
956,Lu,Crickmoor
957,Guinna,Thomke
958,Dion,Hendrick
959,Devonne,Latchmore
960,Ennis,Dadley
961,Brett,Deabill
962,Port,Krzyzaniak
963,Simonne,Knobell
964,Bethena,Forrest
965,Clem,Faircliffe
966,Carlye,Leas
967,Roselle,Thurgood
968,Leoine,Stiebler
969,Eugenie,Feveryear
970,Bard,Paxeford
971,Hildy,Tyreman
972,Lurline,Milesap
973,Marianne,Dalziell
974,Mellicent,Ebbitt
975,Leodora,Housby
976,Raffarty,Halsey
977,Angelia,Reedie
978,Ethelind,Whates
979,Loralyn,Karpmann
980,Shae,Bothen
981,Bordie,Louiset
982,Marianna,Franchyonok
983,Darb,Benne
984,Shandie,Hrishchenko
985,Candi,Stinson
986,Alexina,Cuss
987,Hersh,Cridland
988,Mariann,Walkden
989,Godfree,Khrishtafovich
990,Roxane,Gueny
991,Kial,Butlin
992,Rabbi,Crocroft
993,Germain,Wasielewicz
994,Courtenay,Harbron
995,Genni,Sparey
996,Albertine,Noen
997,Davide,Pifford
998,Oswald,Dyter
999,Quinta,Noad
1000,Laurie,Garman
